Workbook

Sheet RawData
A1: Date | B1: Bird | C1: Time | D1: LeftPecks | E1: RightPecks | F1: LeftSeed | G1: RightSeed | H1: IVI (mins) | I1: Northern Cardinal | J1: Tufted Titmouse | K1: Carolina Chickadee | L1: Carolina Wren | M1: Gray Catbird | N1: Red-bellied Woodpecker | O1: Mourning Dove | P1: Common Ground Dove | Q1: Eastern Bluebird | R1: Eastern Phoebe | S1: Pine Warbler
A2: 45935 | B2: Northern Cardinal | C2: 0.65625 | D2: 0 | E2: 5 | F2: Special Finch Food | G2: Golden Safflower
A3: 45935 | B3: Northern Cardinal | C3: 0.65763889 | D3: 1 | E3: 1 | F3: Special Finch Food | G3: Golden Safflower | H3: 2 | I3: 2
A4: 45935 | B4: Northern Cardinal | C4: 0.67569444 | D4: 0 | E4: 3 | F4: Special Finch Food | G4: Golden Safflower | H4: 26 | I4: 26
A5: 45935 | B5: Northern Cardinal | C5: 0.67708333 | D5: 0 | E5: 2 | F5: Special Finch Food | G5: Golden Safflower | H5: 2 | I5: 2
A6: 45935 | B6: Northern Cardinal | C6: 0.67777778 | D6: 0 | E6: 2 | F6: Special Finch Food | G6: Golden Safflower | H6: 0.99999999 | I6: 0.99999999
A7: 45935 | B7: Northern Cardinal | C7: 0.67847222 | D7: 0 | E7: 3 | F7: Special Finch Food | G7: Golden Safflower | H7: 1 | I7: 1
A8: 45935 | B8: Northern Cardinal | C8: 0.67986111 | D8: 0 | E8: 3 | F8: Special Finch Food | G8: Golden Safflower | H8: 2 | I8: 2
A9: 45935 | B9: Tufted Titmouse | C9: 0.68680556 | D9: 0 | E9: 2 | F9: Special Finch Food | G9: Golden Safflower | H9: 10
A10: 45935 | B10: Northern Cardinal | C10: 0.69305556 | D10: 0 | E10: 5 | F10: Special Finch Food | G10: Golden Safflower | H10: 9 | I10: 19
A11: 45935 | B11: Northern Cardinal | C11: 0.69375 | D11: 0 | E11: 5 | F11: Special Finch Food | G11: Golden Safflower | H11: 0.99999999 | I11: 0.99999999
A12: 45935 | B12: Northern Cardinal | C12: 0.69444444 | D12: 0 | E12: 1 | F12: Special Finch Food | G12: Golden Safflower | H12: 1 | I12: 1
A13: 45935 | B13: Northern Cardinal | C13: 0.69791667 | D13: 0 | E13: 5 | F13: Special Finch Food | G13: Golden Safflower | H13: 5 | I13: 5
A14: 45935 | B14: Northern Cardinal | C14: 0.69930556 | D14: 0 | E14: 3 | F14: Special Finch Food | G14: Golden Safflower | H14: 2 | I14: 2
A15: 45935 | B15: Northern Cardinal | C15: 0.7 | D15: 0 | E15: 4 | F15: Special Finch Food | G15: Golden Safflower | H15: 0.99999999 | I15: 0.99999999
A16: 45935 | B16: Northern Cardinal | C16: 0.78680556 | D16: 0 | E16: 3 | F16: Special Finch Food | G16: Golden Safflower | H16: 125 | I16: 125
A17: 45935 | B17: Northern Cardinal | C17: 0.7875 | D17: 0 | E17: 3 | F17: Special Finch Food | G17: Golden Safflower | H17: 0.99999999 | I17: 0.99999999
A18: 45935 | B18: Northern Cardinal | C18: 0.79375 | D18: 0 | E18: 1 | F18: Special Finch Food | G18: Golden Safflower | H18: 9 | I18: 9
A19: 45935 | B19: Northern Cardinal | C19: 0.79444444 | D19: 0 | E19: 2 | F19: Special Finch Food | G19: Golden Safflower | H19: 1 | I19: 1
A20: 45935 | B20: Northern Cardinal | C20: 0.79583333 | D20: 0 | E20: 3 | F20: Special Finch Food | G20: Golden Safflower | H20: 2 | I20: 2
A21: 45936 | B21: Northern Cardinal | C21: 0.30486111 | D21: 0 | E21: 2 | F21: Special Finch Food | G21: Golden Safflower | H21: 733 | I21: 733
... A38: 45936 | B38: Northern Cardinal | C38: 0.42361111 | D38: 0 | E38: 0 | F38: Special Finch Food | G38: Golden Safflower | H38: 0.99999999 | I38: 0.99999999
A39: 45936 | B39: Carolina Chickadee | C39: 0.61875 | D39: 0 | E39: 1 | F39: Special Finch Food | G39: Golden Safflower | H39: 281
A40: 45936 | B40: Northern Cardinal | C40: 0.62013889 | D40: 0 | E40: 1 | F40: Special Finch Food | G40: Golden Safflower | H40: 2 | I40: 283
A41: 45936 | B41: Northern Cardinal | C41: 0.62083333 | D41: 0 | E41: 4 | F41: Special Finch Food | G41: Golden Safflower | H41: 1 | I41: 1
A42: 45936 | B42: Tufted Titmouse | C42: 0.62430556 | D42: 0 | E42: 1 | F42: Special Finch Food | G42: Golden Safflower | H42: 5 | J42: 1350
A43: 45936 | B43: Tufted Titmouse | C43: 0.625 | D43: 0 | E43: 1 | F43: Special Finch Food | G43: Golden Safflower | H43: 1 | J43: 1
A44: 45936 | B44: Tufted Titmouse | C44: 0.62638889 | D44: 0 | E44: 2 | F44: Special Finch Food | G44: Golden Safflower | H44: 2 | J44: 2
A45: 45936 | B45: Tufted Titmouse | C45: 0.62638889 | D45: 0 | E45: 2 | F45: Special Finch Food | G45: Golden Safflower | H45: 0 | J45: 0
A46: 45936 | B46: Carolina Chickadee | C46: 0.62638889 | D46: 0 | E46: 1 | F46: Special Finch Food | G46: Golden Safflower | H46: 0 | K46: 11
A47: 45936 | B47: Northern Cardinal | C47: 0.62638889 | D47: 0 | E47: 1 | F47: Special Finch Food | G47: Golden Safflower | H47: 0 | I47: 8
A48: 45936 | B48: Northern Cardinal | C48: 0.62708333 | D48: 0 | E48: 1 | F48: Special Finch Food | G48: Golden Safflower | H48: 1 | I48: 1
A49: 45936 | B49: Northern Cardinal | C49: 0.62708333 | D49: 0 | E49: 1 | F49: Special Finch Food | G49: Golden Safflower | H49: 0 | I49: 0
A50: 45936 | B50: Northern Cardinal | C50: 0.62777778 | D50: 0 | E50: 6 | F50: Special Finch Food | G50: Golden Safflower | H50: 1 | I50: 1
A51: 45936 | B51: Tufted Titmouse | C51: 0.62986111 | D51: 0 | E51: 1 | F51: Special Finch Food | G51: Golden Safflower | H51: 3 | J51: 5
A52: 45936 | B52: Carolina Chickadee | C52: 0.62986111 | D52: 0 | E52: 1 | F52: Special Finch Food | G52: Golden Safflower | H52: 0 | K52: 5
A53: 45936 | B53: Tufted Titmouse | C53: 0.64375 | D53: 0 | E53: 3 | F53: Special Finch Food | G53: Golden Safflower | H53: 20 | J53: 20
A54: 45936 | B54: Tufted Titmouse | C54: 0.64375 | D54: 0 | E54: 1 | F54: Special Finch Food | G54: Golden Safflower | H54: 0 | J54: 0
A55: 45936 | B55: Tufted Titmouse | C55: 0.64375 | D55: 0 | E55: 1 | F55: Special Finch Food | G55: Golden Safflower | H55: 0 | J55: 0
A56: 45936 | B56: Carolina Chickadee | C56: 0.64513889 | D56: 1 | E56: 0 | F56: Special Finch Food | G56: Golden Safflower | H56: 2 | K56: 22
A57: 45936 | B57: Northern Cardinal | C57: 0.64513889 | D57: 0 | E57: 3 | F57: Special Finch Food | G57: Golden Safflower | H57: 0 | I57: 25
A58: 45936 | B58: Gray Catbird | C58: 0.64583333 | D58: 0 | E58: 1 | F58: Special Finch Food | G58: Golden Safflower | H58: 1
A59: 45936 | B59: Carolina Chickadee | C59: 0.64583333 | D59: 0 | E59: 1 | F59: Special Finch Food | G59: Golden Safflower | H59: 0 | K59: 1
A60: 45936 | B60: Northern Cardinal | C60: 0.64791667 | D60: 0 | E60: 2 | F60: Special Finch Food | G60: Golden Safflower | H60: 3 | I60: 4
A61: 45936 | B61: Northern Cardinal | C61: 0.64861111 | D61: 0 | E61: 3 | F61: Special Finch Food | G61: Golden Safflower | H61: 0.99999999 | I61: 0.99999999
A62: 45936 | B62: Northern Cardinal | C62: 0.64930556 | D62: 0 | E62: 3 | F62: Special Finch Food | G62: Golden Safflower | H62: 1 | I62: 1
A63: 45936 | B63: Northern Cardinal | C63: 0.71458333 | D63: 0 | E63: 2 | F63: Special Finch Food | G63: Golden Safflower | H63: 94 | I63: 94
A64: 45936 | B64: Northern Cardinal | C64: 0.71527778 | D64: 0 | E64: 2 | F64: Special Finch Food | G64: Golden Safflower | H64: 1 | I64: 1
A65: 45936 | B65: Northern Cardinal | C65: 0.71597222 | D65: 0 | E65: 2 | F65: Special Finch Food | G65: Golden Safflower | H65: 0.99999999 | I65: 0.99999999
A66: 45936 | B66: Northern Cardinal | C66: 0.71736111 | D66: 0 | E66: 3 | F66: Special Finch Food | G66: Golden Safflower | H66: 2 | I66: 2
A67: 45936 | B67: Northern Cardinal | C67: 0.71805556 | D67: 0 | E67: 4 | F67: Special Finch Food | G67: Golden Safflower | H67: 0.99999999 | I67: 0.99999999
A68: 45936 | B68: Northern Cardinal | C68: 0.71944444 | D68: 0 | E68: 3 | F68: Special Finch Food | G68: Golden Safflower | H68: 2 | I68: 2
A69: 45936 | B69: Northern Cardinal | C69: 0.72013889 | D69: 0 | E69: 3 | F69: Special Finch Food | G69: Golden Safflower | H69: 0.99999999 | I69: 0.99999999
A70: 45936 | B70: Northern Cardinal | C70: 0.72152778 | D70: 0 | E70: 1 | F70: Special Finch Food | G70: Golden Safflower | H70: 2 | I70: 2
A71: 45936 | B71: Northern Cardinal | C71: 0.77638889 | D71: 0 | E71: 3 | F71: Special Finch Food | G71: Golden Safflower | H71: 79 | I71: 79
... A90: 45937 | B90: Northern Cardinal | C90: 0.33680556 | D90: 0 | E90: 3 | F90: Special Finch Food | G90: Golden Safflower | H90: 2 | I90: 2
A91: 45937 | B91: Carolina Chickadee | C91: 0.33680556 | D91: 1 | E91: 0 | F91: Special Finch Food | G91: Golden Safflower | H91: 0 | K91: 995
A92: 45937 | B92: Northern Cardinal | C92: 0.33819444 | D92: 0 | E92: 3 | F92: Special Finch Food | G92: Golden Safflower | H92: 2 | I92: 2
A93: 45937 | B93: Northern Cardinal | C93: 0.33888889 | D93: 0 | E93: 3 | F93: Special Finch Food | G93: Golden Safflower | H93: 1 | I93: 1
A94: 45937 | B94: Tufted Titmouse | C94: 0.33958333 | D94: 0 | E94: 1 | F94: Special Finch Food | G94: Golden Safflower | H94: 1 | J94: 1002
A95: 45937 | B95: Tufted Titmouse | C95: 0.33958333 | D95: 0 | E95: 3 | F95: Special Finch Food | G95: Golden Safflower | H95: 0 | J95: 0
A96: 45937 | B96: Tufted Titmouse | C96: 0.34097222 | D96: 0 | E96: 1 | F96: Special Finch Food | G96: Golden Safflower | H96: 2 | J96: 2
A97: 45937 | B97: Carolina Chickadee | C97: 0.34097222 | D97: 0 | E97: 1 | F97: Special Finch Food | G97: Golden Safflower | H97: 0 | K97: 6
A98: 45937 | B98: Carolina Wren | C98: 0.34166667 | D98: 8 | E98: 2 | F98: Special Finch Food | G98: Golden Safflower | H98: 1
A99: 45937 | B99: Carolina Chickadee | C99: 0.34166667 | D99: 0 | E99: 0 | F99: Special Finch Food | G99: Golden Safflower | H99: 0 | K99: 1
A100: 45937 | B100: Carolina Wren | C100: 0.34236111 | D100: 9 | E100: 0 | F100: Special Finch Food | G100: Golden Safflower | H100: 1 | L100: 1
A101: 45937 | B101: Tufted Titmouse | C101: 0.34236111 | D101: 0 | E101: 1 | F101: Special Finch Food | G101: Golden Safflower | H101: 0 | J101: 2
A102: 45937 | B102: Carolina Chickadee | C102: 0.34236111 | D102: 0 | E102: 1 | F102: Special Finch Food | G102: Golden Safflower | H102: 0 | K102: 1
A103: 45937 | B103: Carolina Chickadee | C103: 0.34236111 | D103: 0 | E103: 0 | F103: Special Finch Food | G103: Golden Safflower | H103: 0 | K103: 0
A104: 45937 | B104: Tufted Titmouse | C104: 0.34375 | D104: 0 | E104: 2 | F104: Special Finch Food | G104: Golden Safflower | H104: 2 | J104: 2
A105: 45937 | B105: Tufted Titmouse | C105: 0.34444444 | D105: 0 | E105: 2 | F105: Special Finch Food | G105: Golden Safflower | H105: 1 | J105: 1
A106: 45937 | B106: Carolina Chickadee | C106: 0.35 | D106: 0 | E106: 1 | F106: Special Finch Food | G106: Golden Safflower | H106: 8 | K106: 11
A107: 45937 | B107: Carolina Chickadee | C107: 0.35208333 | D107: 0 | E107: 1 | F107: Special Finch Food | G107: Golden Safflower | H107: 3 | K107: 3
A108: 45937 | B108: Carolina Chickadee | C108: 0.35416667 | D108: 0 | E108: 1 | F108: Special Finch Food | G108: Golden Safflower | H108: 3 | K108: 3
A109: 45937 | B109: Tufted Titmouse | C109: 0.35416667 | D109: 0 | E109: 4 | F109: Special Finch Food | G109: Golden Safflower | H109: 0 | J109: 14
A110: 45937 | B110: Carolina Chickadee | C110: 0.35555556 | D110: 0 | E110: 2 | F110: Special Finch Food | G110: Golden Safflower | H110: 2 | K110: 2
A111: 45937 | B111: Carolina Chickadee | C111: 0.35625 | D111: 0 | E111: 1 | F111: Special Finch Food | G111: Golden Safflower | H111: 0.99999999 | K111: 0.99999999
A112: 45937 | B112: Tufted Titmouse | C112: 0.35625 | D112: 0 | E112: 1 | F112: Special Finch Food | G112: Golden Safflower | H112: 0 | J112: 3
A113: 45937 | B113: Carolina Chickadee | C113: 0.35694444 | D113: 0 | E113: 2 | F113: Special Finch Food | G113: Golden Safflower | H113: 1 | K113: 1
A114: 45937 | B114: Tufted Titmouse | C114: 0.35763889 | D114: 0 | E114: 3 | F114: Special Finch Food | G114: Golden Safflower | H114: 1 | J114: 2
A115: 45937 | B115: Carolina Chickadee | C115: 0.35763889 | D115: 0 | E115: 1 | F115: Special Finch Food | G115: Golden Safflower | H115: 0 | K115: 1
A116: 45937 | B116: Tufted Titmouse | C116: 0.35902778 | D116: 0 | E116: 2 | F116: Special Finch Food | G116: Golden Safflower | H116: 2 | J116: 2
A117: 45937 | B117: Carolina Chickadee | C117: 0.36180556 | D117: 0 | E117: 2 | F117: Special Finch Food | G117: Golden Safflower | H117: 4 | K117: 6
A118: 45937 | B118: Carolina Chickadee | C118: 0.36180556 | D118: 0 | E118: 0 | F118: Special Finch Food | G118: Golden Safflower | H118: 0 | K118: 0
A119: 45937 | B119: Carolina Chickadee | C119: 0.36458333 | D119: 0 | E119: 1 | F119: Special Finch Food | G119: Golden Safflower | H119: 4 | K119: 4
A120: 45937 | B120: Carolina Chickadee | C120: 0.36666667 | D120: 0 | E120: 1 | F120: Special Finch Food | G120: Golden Safflower | H120: 3 | K120: 3
A121: 45937 | B121: Carolina Chickadee | C121: 0.36805556 | D121: 0 | E121: 2 | F121: Special Finch Food | G121: Golden Safflower | H121: 2 | K121: 2
A122: 45937 | B122: Northern Cardinal | C122: 0.36875 | D122: 0 | E122: 3 | F122: Special Finch Food | G122: Golden Safflower | H122: 1 | I122: 43
A123: 45937 | B123: Northern Cardinal | C123: 0.37013889 | D123: 0 | E123: 2 | F123: Special Finch Food | G123: Golden Safflower | H123: 2 | I123: 2
A124: 45937 | B124: Carolina Chickadee | C124: 0.37152778 | D124: 0 | E124: 2 | F124: Special Finch Food | G124: Golden Safflower | H124: 2 | K124: 5
A125: 45937 | B125: Carolina Chickadee | C125: 0.37152778 | D125: 0 | E125: 2 | F125: Special Finch Food | G125: Golden Safflower | H125: 0 | K125: 0
A126: 45937 | B126: Carolina Chickadee | C126: 0.37152778 | D126: 0 | E126: 1 | F126: Special Finch Food | G126: Golden Safflower | H126: 0 | K126: 0
A127: 45937 | B127: Carolina Chickadee | C127: 0.37291667 | D127: 0 | E127: 2 | F127: Special Finch Food | G127: Golden Safflower | H127: 2 | K127: 2
A128: 45937 | B128: Carolina Chickadee | C128: 0.37430556 | D128: 0 | E128: 1 | F128: Special Finch Food | G128: Golden Safflower | H128: 2 | K128: 2
A129: 45937 | B129: Northern Cardinal | C129: 0.45763889 | D129: 0 | E129: 3 | F129: Special Finch Food | G129: Golden Safflower | H129: 120 | I129: 126
A130: 45937 | B130: Northern Cardinal | C130: 0.45833333 | D130: 0 | E130: 3 | F130: Special Finch Food | G130: Golden Safflower | H130: 1 | I130: 1
A131: 45937 | B131: Northern Cardinal | C131: 0.45972222 | D131: 0 | E131: 3 | F131: Special Finch Food | G131: Golden Safflower | H131: 2 | I131: 2
A132: 45937 | B132: Northern Cardinal | C132: 0.48333333 | D132: 0 | E132: 2 | F132: Special Finch Food | G132: Golden Safflower | H132: 34 | I132: 34
A133: 45937 | B133: Northern Cardinal | C133: 0.48402778 | D133: 0 | E133: 4 | F133: Special Finch Food | G133: Golden Safflower | H133: 1 | I133: 1
A134: 45937 | B134: Northern Cardinal | C134: 0.48541667 | D134: 0 | E134: 3 | F134: Special Finch Food | G134: Golden Safflower | H134: 2 | I134: 2
...

Sheet DailySummaries
A1: Date | B1: Bird | C1: Feeder Visits | D1: Left Pecks | E1: Right Pecks
A2: 45935 | B2: Northern Cardinal | C2: =COUNTIFS(RawData!$B:$B, B$2, RawData!$A:$A, DailySummaries!$A2) -> 18 | D2: =SUMIFS(RawData!$D:$D,RawData!$B:$B,$B2,RawData!$A:$A,DailySummaries!$A2)+1 -> 2 | E2: =SUMIFS(RawData!$E:$E,RawData!$B:$B,$B2,RawData!$A:$A,DailySummaries!$A2)+1 -> 55
A3: 45935 | B3: Tufted Titmouse | C3: =COUNTIFS(RawData!$B:$B, $B3, RawData!$A:$A, DailySummaries!$A3) -> 1 | D3: =SUMIFS(RawData!$D:$D,RawData!$B:$B,$B3,RawData!$A:$A,DailySummaries!$A3)+1 -> 1 | E3: =SUMIFS(RawData!$E:$E,RawData!$B:$B,$B3,RawData!$A:$A,DailySummaries!$A3)+1 -> 3
A4: 45936 | B4: Northern Cardinal | C4: =COUNTIFS(RawData!$B:$B, $B4, RawData!$A:$A, DailySummaries!$A4) -> 51 | D4: =SUMIFS(RawData!$D:$D,RawData!$B:$B,$B4,RawData!$A:$A,DailySummaries!$A4)+1 -> 3 | E4: =SUMIFS(RawData!$E:$E,RawData!$B:$B,$B4,RawData!$A:$A,DailySummaries!$A4)+1 -> 124
A5: 45936 | B5: Tufted Titmouse | C5: =COUNTIFS(RawData!$B:$B, $B5, RawData!$A:$A, DailySummaries!$A5) -> 8 | D5: =SUMIFS(RawData!$D:$D,RawData!$B:$B,$B5,RawData!$A:$A,DailySummaries!$A5)+1 -> 1 | E5: =SUMIFS(RawData!$E:$E,RawData!$B:$B,$B5,RawData!$A:$A,DailySummaries!$A5)+1 -> 13
A6: 45936 | B6: Gray Catbird | C6: =COUNTIFS(RawData!$B:$B, $B6, RawData!$A:$A, DailySummaries!$A6) -> 1 | D6: =SUMIFS(RawData!$D:$D,RawData!$B:$B,$B6,RawData!$A:$A,DailySummaries!$A6)+1 -> 1 | E6: =SUMIFS(RawData!$E:$E,RawData!$B:$B,$B6,RawData!$A:$A,DailySummaries!$A6)+1 -> 2
A7: 45936 | B7: Carolina Chickadee | C7: =COUNTIFS(RawData!$B:$B, $B7, RawData!$A:$A, DailySummaries!$A7) -> 5 | D7: =SUMIFS(RawData!$D:$D,RawData!$B:$B,$B7,RawData!$A:$A,DailySummaries!$A7)+1 -> 2 | E7: =SUMIFS(RawData!$E:$E,RawData!$B:$B,$B7,RawData!$A:$A,DailySummaries!$A7)+1 -> 5
A8: 45937 | B8: Northern Cardinal | C8: =COUNTIFS(RawData!$B:$B, $B8, RawData!$A:$A, DailySummaries!$A8) -> 39 | D8: =SUMIFS(RawData!$D:$D,RawData!$B:$B,$B8,RawData!$A:$A,DailySummaries!$A8)+1 -> 2 | E8: =SUMIFS(RawData!$E:$E,RawData!$B:$B,$B8,RawData!$A:$A,DailySummaries!$A8)+1 -> 94
A9: 45937 | B9: Tufted Titmouse | C9: =COUNTIFS(RawData!$B:$B, $B9, RawData!$A:$A, DailySummaries!$A9) -> 22 | D9: =SUMIFS(RawData!$D:$D,RawData!$B:$B,$B9,RawData!$A:$A,DailySummaries!$A9)+1 -> 1 | E9: =SUMIFS(RawData!$E:$E,RawData!$B:$B,$B9,RawData!$A:$A,DailySummaries!$A9)+1 -> 56
A10: 45937 | B10: Carolina Chickadee | C10: =COUNTIFS(RawData!$B:$B, $B10, RawData!$A:$A, DailySummaries!$A10) -> 28 | D10: =SUMIFS(RawData!$D:$D,RawData!$B:$B,$B10,RawData!$A:$A,DailySummaries!$A10)+1 -> 2 | E10: =SUMIFS(RawData!$E:$E,RawData!$B:$B,$B10,RawData!$A:$A,DailySummaries!$A10)+1 -> 33
A11: 45937 | B11: Carolina Wren | C11: =COUNTIFS(RawData!$B:$B, $B11, RawData!$A:$A, DailySummaries!$A11) -> 2 | D11: =SUMIFS(RawData!$D:$D,RawData!$B:$B,$B11,RawData!$A:$A,DailySummaries!$A11)+1 -> 18 | E11: =SUMIFS(RawData!$E:$E,RawData!$B:$B,$B11,RawData!$A:$A,DailySummaries!$A11)+1 -> 3
A12: 45938 | B12: Northern Cardinal | C12: =COUNTIFS(RawData!$B:$B, $B12, RawData!$A:$A, DailySummaries!$A12) -> 49 | D12: =SUMIFS(RawData!$D:$D,RawData!$B:$B,$B12,RawData!$A:$A,DailySummaries!$A12)+1 -> 22 | E12: =SUMIFS(RawData!$E:$E,RawData!$B:$B,$B12,RawData!$A:$A,DailySummaries!$A12)+1 -> 139
A13: 45938 | B13: Carolina Chickadee | C13: =COUNTIFS(RawData!$B:$B, $B13, RawData!$A:$A, DailySummaries!$A13) -> 61 | D13: =SUMIFS(RawData!$D:$D,RawData!$B:$B,$B13,RawData!$A:$A,DailySummaries!$A13)+1 -> 2 | E13: =SUMIFS(RawData!$E:$E,RawData!$B:$B,$B13,RawData!$A:$A,DailySummaries!$A13)+1 -> 82
A14: 45938 | B14: Tufted Titmouse | C14: =COUNTIFS(RawData!$B:$B, $B14, RawData!$A:$A, DailySummaries!$A14) -> 28 | D14: =SUMIFS(RawData!$D:$D,RawData!$B:$B,$B14,RawData!$A:$A,DailySummaries!$A14)+1 -> 2 | E14: =SUMIFS(RawData!$E:$E,RawData!$B:$B,$B14,RawData!$A:$A,DailySummaries!$A14)+1 -> 65
... A48: 45947 | B48: Northern Cardinal | C48: =COUNTIFS(RawData!$B:$B, $B48, RawData!$A:$A, DailySummaries!$A48) -> 56 | D48: =SUMIFS(RawData!$D:$D,RawData!$B:$B,$B48,RawData!$A:$A,DailySummaries!$A48)+1 -> 7 | E48: =SUMIFS(RawData!$E:$E,RawData!$B:$B,$B48,RawData!$A:$A,DailySummaries!$A48)+1 -> 171
A49: =A48 -> 45947 | B49: Carolina Chickadee | C49: =COUNTIFS(RawData!$B:$B, $B49, RawData!$A:$A, DailySummaries!$A49) -> 26 | D49: =SUMIFS(RawData!$D:$D,RawData!$B:$B,$B49,RawData!$A:$A,DailySummaries!$A49)+1 -> 48 | E49: =SUMIFS(RawData!$E:$E,RawData!$B:$B,$B49,RawData!$A:$A,DailySummaries!$A49)+1 -> 26
A50: =A49 -> 45947 | B50: Carolina Wren | C50: =COUNTIFS(RawData!$B:$B, $B50, RawData!$A:$A, DailySummaries!$A50) -> 12 | D50: =SUMIFS(RawData!$D:$D,RawData!$B:$B,$B50,RawData!$A:$A,DailySummaries!$A50)+1 -> 76 | E50: =SUMIFS(RawData!$E:$E,RawData!$B:$B,$B50,RawData!$A:$A,DailySummaries!$A50)+1 -> 41
A51: =A50 -> 45947 | B51: Common Ground Dove | C51: =COUNTIFS(RawData!$B:$B, $B51, RawData!$A:$A, DailySummaries!$A51) -> 0 | D51: =SUMIFS(RawData!$D:$D,RawData!$B:$B,$B51,RawData!$A:$A,DailySummaries!$A51)+1 -> 1 | E51: =SUMIFS(RawData!$E:$E,RawData!$B:$B,$B51,RawData!$A:$A,DailySummaries!$A51)+1 -> 1
A52: =A51 -> 45947 | B52: Mourning Dove | C52: =COUNTIFS(RawData!$B:$B, $B52, RawData!$A:$A, DailySummaries!$A52) -> 32 | D52: =SUMIFS(RawData!$D:$D,RawData!$B:$B,$B52,RawData!$A:$A,DailySummaries!$A52)+1 -> 446 | E52: =SUMIFS(RawData!$E:$E,RawData!$B:$B,$B52,RawData!$A:$A,DailySummaries!$A52)+1 -> 57
A53: =A52 -> 45947 | B53: Tufted Titmouse | C53: =COUNTIFS(RawData!$B:$B, $B53, RawData!$A:$A, DailySummaries!$A53) -> 10 | D53: =SUMIFS(RawData!$D:$D,RawData!$B:$B,$B53,RawData!$A:$A,DailySummaries!$A53)+1 -> 1 | E53: =SUMIFS(RawData!$E:$E,RawData!$B:$B,$B53,RawData!$A:$A,DailySummaries!$A53)+1 -> 22
A54: 45948 | B54: Northern Cardinal | C54: =COUNTIFS(RawData!$B:$B, $B54, RawData!$A:$A, DailySummaries!$A54) -> 25 | D54: =SUMIFS(RawData!$D:$D,RawData!$B:$B,$B54,RawData!$A:$A,DailySummaries!$A54)+1 -> 2 | E54: =SUMIFS(RawData!$E:$E,RawData!$B:$B,$B54,RawData!$A:$A,DailySummaries!$A54)+1 -> 73
A55: 45948 | B55: Carolina Chickadee | C55: =COUNTIFS(RawData!$B:$B, $B55, RawData!$A:$A, DailySummaries!$A55) -> 6 | D55: =SUMIFS(RawData!$D:$D,RawData!$B:$B,$B55,RawData!$A:$A,DailySummaries!$A55)+1 -> 5 | E55: =SUMIFS(RawData!$E:$E,RawData!$B:$B,$B55,RawData!$A:$A,DailySummaries!$A55)+1 -> 6
A56: 45948 | B56: Carolina Wren | C56: =COUNTIFS(RawData!$B:$B, $B56, RawData!$A:$A, DailySummaries!$A56) -> 11 | D56: =SUMIFS(RawData!$D:$D,RawData!$B:$B,$B56,RawData!$A:$A,DailySummaries!$A56)+1 -> 83 | E56: =SUMIFS(RawData!$E:$E,RawData!$B:$B,$B56,RawData!$A:$A,DailySummaries!$A56)+1 -> 19
A57: 45948 | B57: Tufted Titmouse | C57: =COUNTIFS(RawData!$B:$B, $B57, RawData!$A:$A, DailySummaries!$A57) -> 18 | D57: =SUMIFS(RawData!$D:$D,RawData!$B:$B,$B57,RawData!$A:$A,DailySummaries!$A57)+1 -> 2 | E57: =SUMIFS(RawData!$E:$E,RawData!$B:$B,$B57,RawData!$A:$A,DailySummaries!$A57)+1 -> 26
A58: 45948 | B58: Mourning Dove | C58: =COUNTIFS(RawData!$B:$B, $B58, RawData!$A:$A, DailySummaries!$A58) -> 4 | D58: =SUMIFS(RawData!$D:$D,RawData!$B:$B,$B58,RawData!$A:$A,DailySummaries!$A58)+1 -> 1 | E58: =SUMIFS(RawData!$E:$E,RawData!$B:$B,$B58,RawData!$A:$A,DailySummaries!$A58)+1 -> 19
A59: 45949 | B59: Northern Cardinal | C59: =COUNTIFS(RawData!$B:$B, $B59, RawData!$A:$A, DailySummaries!$A59) -> 56 | D59: =SUMIFS(RawData!$D:$D,RawData!$B:$B,$B59,RawData!$A:$A,DailySummaries!$A59)+1 -> 5 | E59: =SUMIFS(RawData!$E:$E,RawData!$B:$B,$B59,RawData!$A:$A,DailySummaries!$A59)+1 -> 129
A60: 45949 | B60: Carolina Wren | C60: =COUNTIFS(RawData!$B:$B, $B60, RawData!$A:$A, DailySummaries!$A60) -> 17 | D60: =SUMIFS(RawData!$D:$D,RawData!$B:$B,$B60,RawData!$A:$A,DailySummaries!$A60)+1 -> 113 | E60: =SUMIFS(RawData!$E:$E,RawData!$B:$B,$B60,RawData!$A:$A,DailySummaries!$A60)+1 -> 9
A61: 45949 | B61: Mourning Dove | C61: =COUNTIFS(RawData!$B:$B, $B61, RawData!$A:$A, DailySummaries!$A61) -> 23 | D61: =SUMIFS(RawData!$D:$D,RawData!$B:$B,$B61,RawData!$A:$A,DailySummaries!$A61)+1 -> 242 | E61: =SUMIFS(RawData!$E:$E,RawData!$B:$B,$B61,RawData!$A:$A,DailySummaries!$A61)+1 -> 54
A62: 45949 | B62: Common Ground Dove | C62: =COUNTIFS(RawData!$B:$B, $B62, RawData!$A:$A, DailySummaries!$A62) -> 0 | D62: =SUMIFS(RawData!$D:$D,RawData!$B:$B,$B62,RawData!$A:$A,DailySummaries!$A62)+1 -> 1 | E62: =SUMIFS(RawData!$E:$E,RawData!$B:$B,$B62,RawData!$A:$A,DailySummaries!$A62)+1 -> 1
A63: 45950 | B63: Northern Cardinal | C63: =COUNTIFS(RawData!$B:$B, $B63, RawData!$A:$A, DailySummaries!$A63) -> 38 | D63: =SUMIFS(RawData!$D:$D,RawData!$B:$B,$B63,RawData!$A:$A,DailySummaries!$A63)+1 -> 4 | E63: =SUMIFS(RawData!$E:$E,RawData!$B:$B,$B63,RawData!$A:$A,DailySummaries!$A63)+1 -> 108
A64: 45950 | B64: Carolina Chickadee | C64: =COUNTIFS(RawData!$B:$B, $B64, RawData!$A:$A, DailySummaries!$A64) -> 11 | D64: =SUMIFS(RawData!$D:$D,RawData!$B:$B,$B64,RawData!$A:$A,DailySummaries!$A64)+1 -> 2 | E64: =SUMIFS(RawData!$E:$E,RawData!$B:$B,$B64,RawData!$A:$A,DailySummaries!$A64)+1 -> 8
A65: 45950 | B65: Carolina Wren | C65: =COUNTIFS(RawData!$B:$B, $B65, RawData!$A:$A, DailySummaries!$A65) -> 15 | D65: =SUMIFS(RawData!$D:$D,RawData!$B:$B,$B65,RawData!$A:$A,DailySummaries!$A65)+1 -> 84 | E65: =SUMIFS(RawData!$E:$E,RawData!$B:$B,$B65,RawData!$A:$A,DailySummaries!$A65)+1 -> 32
... A112: 45960 | B112: Northern Cardinal | C112: =COUNTIFS(RawData!$B:$B, $B112, RawData!$A:$A, DailySummaries!$A112) -> 24 | D112: =SUMIFS(RawData!$D:$D,RawData!$B:$B,$B112,RawData!$A:$A,DailySummaries!$A112)+1 -> 1 | E112: =SUMIFS(RawData!$E:$E,RawData!$B:$B,$B112,RawData!$A:$A,DailySummaries!$A112)+1 -> 66
A113: =A112 -> 45960 | B113: Mourning Dove | C113: =COUNTIFS(RawData!$B:$B, $B113, RawData!$A:$A, DailySummaries!$A113) -> 147 | D113: =SUMIFS(RawData!$D:$D,RawData!$B:$B,$B113,RawData!$A:$A,DailySummaries!$A113)+1 -> 967 | E113: =SUMIFS(RawData!$E:$E,RawData!$B:$B,$B113,RawData!$A:$A,DailySummaries!$A113)+1 -> 419
A114: =A113 -> 45960 | B114: Carolina Chickadee | C114: =COUNTIFS(RawData!$B:$B, $B114, RawData!$A:$A, DailySummaries!$A114) -> 7 | D114: =SUMIFS(RawData!$D:$D,RawData!$B:$B,$B114,RawData!$A:$A,DailySummaries!$A114)+1 -> 1 | E114: =SUMIFS(RawData!$E:$E,RawData!$B:$B,$B114,RawData!$A:$A,DailySummaries!$A114)+1 -> 8
A115: =A114 -> 45960 | B115: Carolina Wren | C115: =COUNTIFS(RawData!$B:$B, $B115, RawData!$A:$A, DailySummaries!$A115) -> 4 | D115: =SUMIFS(RawData!$D:$D,RawData!$B:$B,$B115,RawData!$A:$A,DailySummaries!$A115)+1 -> 32 | E115: =SUMIFS(RawData!$E:$E,RawData!$B:$B,$B115,RawData!$A:$A,DailySummaries!$A115)+1 -> 9
A116: 45961 | B116: Northern Cardinal | C116: =COUNTIFS(RawData!$B:$B, $B116, RawData!$A:$A, DailySummaries!$A116) -> 43 | D116: =SUMIFS(RawData!$D:$D,RawData!$B:$B,$B116,RawData!$A:$A,DailySummaries!$A116)+1 -> 3 | E116: =SUMIFS(RawData!$E:$E,RawData!$B:$B,$B116,RawData!$A:$A,DailySummaries!$A116)+1 -> 136
A117: =A116 -> 45961 | B117: Mourning Dove | C117: =COUNTIFS(RawData!$B:$B, $B117, RawData!$A:$A, DailySummaries!$A117) -> 189 | D117: =SUMIFS(RawData!$D:$D,RawData!$B:$B,$B117,RawData!$A:$A,DailySummaries!$A117)+1 -> 932 | E117: =SUMIFS(RawData!$E:$E,RawData!$B:$B,$B117,RawData!$A:$A,DailySummaries!$A117)+1 -> 483
A118: =A117 -> 45961 | B118: Carolina Chickadee | C118: =COUNTIFS(RawData!$B:$B, $B118, RawData!$A:$A, DailySummaries!$A118) -> 18 | D118: =SUMIFS(RawData!$D:$D,RawData!$B:$B,$B118,RawData!$A:$A,DailySummaries!$A118)+1 -> 3 | E118: =SUMIFS(RawData!$E:$E,RawData!$B:$B,$B118,RawData!$A:$A,DailySummaries!$A118)+1 -> 18
A119: =A118 -> 45961 | B119: Carolina Wren | C119: =COUNTIFS(RawData!$B:$B, $B119, RawData!$A:$A, DailySummaries!$A119) -> 3 | D119: =SUMIFS(RawData!$D:$D,RawData!$B:$B,$B119,RawData!$A:$A,DailySummaries!$A119)+1 -> 35 | E119: =SUMIFS(RawData!$E:$E,RawData!$B:$B,$B119,RawData!$A:$A,DailySummaries!$A119)+1 -> 1
A120: =A119 -> 45961 | B120: Tufted Titmouse | C120: =COUNTIFS(RawData!$B:$B, $B120, RawData!$A:$A, DailySummaries!$A120) -> 6 | D120: =SUMIFS(RawData!$D:$D,RawData!$B:$B,$B120,RawData!$A:$A,DailySummaries!$A120)+1 -> 1 | E120: =SUMIFS(RawData!$E:$E,RawData!$B:$B,$B120,RawData!$A:$A,DailySummaries!$A120)+1 -> 8
A121: 45962 | B121: Northern Cardinal | C121: =COUNTIFS(RawData!$B:$B, $B121, RawData!$A:$A, DailySummaries!$A121) -> 18 | D121: =SUMIFS(RawData!$D:$D,RawData!$B:$B,$B121,RawData!$A:$A,DailySummaries!$A121)+1 -> 1 | E121: =SUMIFS(RawData!$E:$E,RawData!$B:$B,$B121,RawData!$A:$A,DailySummaries!$A121)+1 -> 50
A122: =A121 -> 45962 | B122: Mourning Dove | C122: =COUNTIFS(RawData!$B:$B, $B122, RawData!$A:$A, DailySummaries!$A122) -> 117 | D122: =SUMIFS(RawData!$D:$D,RawData!$B:$B,$B122,RawData!$A:$A,DailySummaries!$A122)+1 -> 723 | E122: =SUMIFS(RawData!$E:$E,RawData!$B:$B,$B122,RawData!$A:$A,DailySummaries!$A122)+1 -> 251
A123: =A122 -> 45962 | B123: Carolina Chickadee | C123: =COUNTIFS(RawData!$B:$B, $B123, RawData!$A:$A, DailySummaries!$A123) -> 5 | D123: =SUMIFS(RawData!$D:$D,RawData!$B:$B,$B123,RawData!$A:$A,DailySummaries!$A123)+1 -> 1 | E123: =SUMIFS(RawData!$E:$E,RawData!$B:$B,$B123,RawData!$A:$A,DailySummaries!$A123)+1 -> 6
A124: =A123 -> 45962 | B124: Carolina Wren | C124: =COUNTIFS(RawData!$B:$B, $B124, RawData!$A:$A, DailySummaries!$A124) -> 11 | D124: =SUMIFS(RawData!$D:$D,RawData!$B:$B,$B124,RawData!$A:$A,DailySummaries!$A124)+1 -> 68 | E124: =SUMIFS(RawData!$E:$E,RawData!$B:$B,$B124,RawData!$A:$A,DailySummaries!$A124)+1 -> 2
A125: =A124 -> 45962 | B125: Tufted Titmouse | C125: =COUNTIFS(RawData!$B:$B, $B125, RawData!$A:$A, DailySummaries!$A125) -> 6 | D125: =SUMIFS(RawData!$D:$D,RawData!$B:$B,$B125,RawData!$A:$A,DailySummaries!$A125)+1 -> 1 | E125: =SUMIFS(RawData!$E:$E,RawData!$B:$B,$B125,RawData!$A:$A,DailySummaries!$A125)+1 -> 9
A126: 45963 | B126: Northern Cardinal | C126: =COUNTIFS(RawData!$B:$B, $B126, RawData!$A:$A, DailySummaries!$A126) -> 7 | D126: =SUMIFS(RawData!$D:$D,RawData!$B:$B,$B126,RawData!$A:$A,DailySummaries!$A126)+1 -> 1 | E126: =SUMIFS(RawData!$E:$E,RawData!$B:$B,$B126,RawData!$A:$A,DailySummaries!$A126)+1 -> 1
A127: 45963 | B127: Mourning Dove | C127: =COUNTIFS(RawData!$B:$B, $B127, RawData!$A:$A, DailySummaries!$A127) -> 38 | D127: =SUMIFS(RawData!$D:$D,RawData!$B:$B,$B127,RawData!$A:$A,DailySummaries!$A127)+1 -> 7 | E127: =SUMIFS(RawData!$E:$E,RawData!$B:$B,$B127,RawData!$A:$A,DailySummaries!$A127)+1 -> 7
A128: 45963 | B128: Carolina Chickadee | C128: =COUNTIFS(RawData!$B:$B, $B128, RawData!$A:$A, DailySummaries!$A128) -> 4 | D128: =SUMIFS(RawData!$D:$D,RawData!$B:$B,$B128,RawData!$A:$A,DailySummaries!$A128)+1 -> 1 | E128: =SUMIFS(RawData!$E:$E,RawData!$B:$B,$B128,RawData!$A:$A,DailySummaries!$A128)+1 -> 1
A129: 45963 | B129: Carolina Wren | C129: =COUNTIFS(RawData!$B:$B, $B129, RawData!$A:$A, DailySummaries!$A129) -> 2 | D129: =SUMIFS(RawData!$D:$D,RawData!$B:$B,$B129,RawData!$A:$A,DailySummaries!$A129)+1 -> 3 | E129: =SUMIFS(RawData!$E:$E,RawData!$B:$B,$B129,RawData!$A:$A,DailySummaries!$A129)+1 -> 5
A130: 45964 | B130: Mourning Dove | C130: =COUNTIFS(RawData!$B:$B, $B130, RawData!$A:$A, DailySummaries!$A130) -> 10 | D130: =SUMIFS(RawData!$D:$D,RawData!$B:$B,$B130,RawData!$A:$A,DailySummaries!$A130)+1 -> 7 | E130: =SUMIFS(RawData!$E:$E,RawData!$B:$B,$B130,RawData!$A:$A,DailySummaries!$A130)+1 -> 1
A131: 45964 | B131: Carolina Wren | C131: =COUNTIFS(RawData!$B:$B, $B131, RawData!$A:$A, DailySummaries!$A131) -> 6 | D131: =SUMIFS(RawData!$D:$D,RawData!$B:$B,$B131,RawData!$A:$A,DailySummaries!$A131)+1 -> 1 | E131: =SUMIFS(RawData!$E:$E,RawData!$B:$B,$B131,RawData!$A:$A,DailySummaries!$A131)+1 -> 1
A132: 45964 | B132: Red-bellied Woodpecker | C132: =COUNTIFS(RawData!$B:$B, $B132, RawData!$A:$A, DailySummaries!$A132) -> 1 | D132: =SUMIFS(RawData!$D:$D,RawData!$B:$B,$B132,RawData!$A:$A,DailySummaries!$A132)+1 -> 2 | E132: =SUMIFS(RawData!$E:$E,RawData!$B:$B,$B132,RawData!$A:$A,DailySummaries!$A132)+1 -> 1
A133: 45965 | B133: Northern Cardinal | C133: =COUNTIFS(RawData!$B:$B, $B133, RawData!$A:$A, DailySummaries!$A133) -> 3 | D133: =SUMIFS(RawData!$D:$D,RawData!$B:$B,$B133,RawData!$A:$A,DailySummaries!$A133)+1 -> 1 | E133: =SUMIFS(RawData!$E:$E,RawData!$B:$B,$B133,RawData!$A:$A,DailySummaries!$A133)+1 -> 1
A134: 45966 | B134: Northern Cardinal | C134: =COUNTIFS(RawData!$B:$B, $B134, RawData!$A:$A, DailySummaries!$A134) -> 1 | D134: =SUMIFS(RawData!$D:$D,RawData!$B:$B,$B134,RawData!$A:$A,DailySummaries!$A134)+1 -> 1 | E134: =SUMIFS(RawData!$E:$E,RawData!$B:$B,$B134,RawData!$A:$A,DailySummaries!$A134)+1 -> 2
A135: 45966 | B135: Carolina Chickadee | C135: =COUNTIFS(RawData!$B:$B, $B135, RawData!$A:$A, DailySummaries!$A135) -> 1 | D135: =SUMIFS(RawData!$D:$D,RawData!$B:$B,$B135,RawData!$A:$A,DailySummaries!$A135)+1 -> 1 | E135: =SUMIFS(RawData!$E:$E,RawData!$B:$B,$B135,RawData!$A:$A,DailySummaries!$A135)+1 -> 1
A136: 45966 | B136: Carolina Wren | C136: =COUNTIFS(RawData!$B:$B, $B136, RawData!$A:$A, DailySummaries!$A136) -> 2 | D136: =SUMIFS(RawData!$D:$D,RawData!$B:$B,$B136,RawData!$A:$A,DailySummaries!$A136)+1 -> 1 | E136: =SUMIFS(RawData!$E:$E,RawData!$B:$B,$B136,RawData!$A:$A,DailySummaries!$A136)+1 -> 2
A137: 45966 | B137: Tufted Titmouse | C137: =COUNTIFS(RawData!$B:$B, $B137, RawData!$A:$A, DailySummaries!$A137) -> 2 | D137: =SUMIFS(RawData!$D:$D,RawData!$B:$B,$B137,RawData!$A:$A,DailySummaries!$A137)+1 -> 1 | E137: =SUMIFS(RawData!$E:$E,RawData!$B:$B,$B137,RawData!$A:$A,DailySummaries!$A137)+1 -> 1
... A294: 46016 | B294: Common Ground Dove | C294: =COUNTIFS(RawData!$B:$B, $B294, RawData!$A:$A, DailySummaries!$A294) -> 8 | D294: =SUMIFS(RawData!$D:$D,RawData!$B:$B,$B294,RawData!$A:$A,DailySummaries!$A294)+1 -> 32 | E294: =SUMIFS(RawData!$E:$E,RawData!$B:$B,$B294,RawData!$A:$A,DailySummaries!$A294)+1 -> 9
